{"decision":"REFUSE","evaluation_date":"1970-01-01","evaluation_timestamp":"1970-01-01T00:00:00Z","execution_mode":"GOVERNANCE_ONLY","receipt_hash":"4b22052d68ac25aa9cd01d53620a4138f401667152d52964bf721bbf394fb5f4","receipt_version":"TH1_RECEIPT_V1","reference_id":"TH1_SCENARIO_TRADING_PRECHECK_REFUSAL_PSYCH","refusal_codes":["TH1_PSY_COOLDOWN_ACTIVE","TH1_PSY_URGENCY_FLAG"],"refusal_count":2,"ruleset_hash":"224b7ad6c9623ec90520c7ca238512175c4bb0603f3ce936513cad14a33b5a0c","run_id":"RUN_TH1_REFERENCE","schema_hash":"bea34ab37978e06f7e170f77390b71d698707ca95d13caa0e0571b1557ff0d84","trading_hat_version":"TH1"}
