{"decision":"REFUSE","evaluation_date":"1970-01-01","evaluation_timestamp":"1970-01-01T00:00:00Z","execution_mode":"GOVERNANCE_ONLY","receipt_hash":"e9df2876f7271092287c205d6fa39f8d9caefc0165eb2cee20e4811cebe0920c","receipt_version":"TH1_RECEIPT_V1","reference_id":"TH1_SCENARIO_TRADING_PRECHECK_REFUSAL_RISK","refusal_codes":["TH1_RISK_LIMIT_EXCEEDED"],"refusal_count":1,"ruleset_hash":"224b7ad6c9623ec90520c7ca238512175c4bb0603f3ce936513cad14a33b5a0c","run_id":"RUN_TH1_REFERENCE","schema_hash":"bea34ab37978e06f7e170f77390b71d698707ca95d13caa0e0571b1557ff0d84","trading_hat_version":"TH1"}
