{"$schema":"https://json-schema.org/draft/2020-12/schema","properties":{"decision":{"enum":["PASS","REFUSE"]},"execution_mode":{"const":"GOVERNANCE_ONLY"},"receipt_version":{"const":"TH1_RECEIPT_V1"},"trading_hat_version":{"const":"TH1"}},"required":["receipt_version","trading_hat_version","run_id","reference_id","evaluation_date","evaluation_timestamp","decision","refusal_codes","refusal_count","ruleset_hash","schema_hash","receipt_hash","execution_mode"],"title":"Trading Hat v1 Receipt","type":"object"}
